{
    "data": [
        {
            "Location": "CCTV_PS_Bhosari",
            "AssetLocation": "Bhosari ankushrao natyghuh",
            "Latitude": 18.626557,
            "Longitude": 73.85246
        },
        {
            "Location": "CCTV_PS_Bhosari",
            "AssetLocation": "SadguruNagar bas detpo chowk",
            "Latitude": 18.632641,
            "Longitude": 73.849797
        },
        {
            "Location": "CCTV_PS_Bhosari",
            "AssetLocation": "Roshan garden chakrapani chowk bhosari",
            "Latitude": 18.629021,
            "Longitude": 73.851953
        },
        {
            "Location": "CCTV_PS_Bhosari",
            "AssetLocation": "Ram mandir chowk chakarpani vasaht bhosari",
            "Latitude": 18.62908,
            "Longitude": 73.85665
        },
        {
            "Location": "CCTV_PS_Bhosari",
            "AssetLocation": "Dhawadewasti chowk baba mangal karayly bhosari",
            "Latitude": 18.62985,
            "Longitude": 73.84718
        },
        {
            "Location": "CCTV_PS_Bhosari",
            "AssetLocation": "Saddgurunager main flecture",
            "Latitude": 18.636082,
            "Longitude": 73.850107
        },
        {
            "Location": "CCTV_PS_Chikhali",
            "AssetLocation": "Raje Shivaji Nagar",
            "Latitude": 18.664,
            "Longitude": 73.81968
        },
        {
            "Location": "CCTV_PS_Chikhali",
            "AssetLocation": "Kudalwadi Chowki",
            "Latitude": 18.668385,
            "Longitude": 73.815101
        },
        {
            "Location": "CCTV_PS_Chikhali",
            "AssetLocation": "Jadhavwadi Gas Pump Chowk",
            "Latitude": 18.664117,
            "Longitude": 73.82433
        },
        {
            "Location": "CCTV_PS_Chikhali",
            "AssetLocation": "Diamond Chowk Kudalwadi",
            "Latitude": 18.682314,
            "Longitude": 73.818211
        },
        {
            "Location": "CCTV_PS_Chikhali",
            "AssetLocation": "Chikhali Ghaat Kudalwadi",
            "Latitude": 18.68521,
            "Longitude": 73.81566
        },
        {
            "Location": "CCTV_PS_Chikhali",
            "AssetLocation": "Someshwar Mandir",
            "Latitude": 18.66845,
            "Longitude": 73.826829
        },
        {
            "Location": "CCTV_PS_Chikhali",
            "AssetLocation": "Essar Petrol Pump Kudalwadi Chowk\\ Sapta Shrungi Complex",
            "Latitude": 18.674099,
            "Longitude": 73.81595
        },
        {
            "Location": "CCTV_PS_Chikhali",
            "AssetLocation": "Shani Mandir",
            "Latitude": 18.666873,
            "Longitude": 73.791559
        },
        {
            "Location": "CCTV_PS_Chikhali",
            "AssetLocation": "Shivarkar Chowk",
            "Latitude": 18.67063,
            "Longitude": 73.78948
        },
        {
            "Location": "CCTV_PS_Chikhali",
            "AssetLocation": "Krishna Nagar chowk JB 2",
            "Latitude": 18.667896,
            "Longitude": 73.796609
        },
        {
            "Location": "CCTV_PS_Chinchwad",
            "AssetLocation": "Dalvi Nagar Chowk",
            "Latitude": 18.641944,
            "Longitude": 73.783567
        },
        {
            "Location": "CCTV_PS_Chinchwad",
            "AssetLocation": "Elpro Company front Corner",
            "Latitude": 18.632559,
            "Longitude": 73.787316
        },
        {
            "Location": "CCTV_PS_Chinchwad",
            "AssetLocation": "Ramakrishna More Preksha Gruha road above",
            "Latitude": 18.633889,
            "Longitude": 73.787527
        },
        {
            "Location": "CCTV_PS_Chinchwad",
            "AssetLocation": "Bhat Nagar\/Chinchwad Phase 1 STP JB-1",
            "Latitude": 18.628394,
            "Longitude": 73.795901
        },
        {
            "Location": "CCTV_PS_Chinchwad",
            "AssetLocation": "Shradhanagar Police Chowki Front Eagle Hotel",
            "Latitude": 18.629695,
            "Longitude": 73.793817
        },
        {
            "Location": "CCTV_PS_Chinchwad",
            "AssetLocation": "Udyog Nagar Front side of Datta Mandir",
            "Latitude": 18.641882,
            "Longitude": 73.784417
        },
        {
            "Location": "CCTV_PS_Chinchwad",
            "AssetLocation": "Kupar Kopara Anand Nagar",
            "Latitude": 18.634478,
            "Longitude": 73.793012
        },
        {
            "Location": "CCTV_PS_Chinchwad",
            "AssetLocation": "PCPC Office",
            "Latitude": 18.63948415,
            "Longitude": 73.78109403
        },
        {
            "Location": "CCTV_PS_Chinchwad",
            "AssetLocation": "Chittarao Ganapati",
            "Latitude": 18.619297,
            "Longitude": 73.782125
        },
        {
            "Location": "CCTV_PS_Chinchwad",
            "AssetLocation": "Darshan Hall Chowk Link road Chinchwad",
            "Latitude": 18.629447,
            "Longitude": 73.78687
        },
        {
            "Location": "CCTV_PS_Dighi",
            "AssetLocation": "Dighi Magzin chowk JB2\/ Dighi Magazine Chouck Pune Alandi Road",
            "Latitude": 18.617341,
            "Longitude": 73.767149
        },
        {
            "Location": "CCTV_PS_Moshi",
            "AssetLocation": "Priya Darshani School Shivroad Dehuroad Moshi",
            "Latitude": 18.68008,
            "Longitude": 73.833617
        },
        {
            "Location": "CCTV_PS_Moshi",
            "AssetLocation": "New RTO Office Chowk Sector 7 Moshi Pradhikaran",
            "Latitude": 18.655417,
            "Longitude": 73.844988
        },
        {
            "Location": "CCTV_PS_Moshi",
            "AssetLocation": "Matere House Chowk Market yard borhadewadi Moshi",
            "Latitude": 18.663235,
            "Longitude": 73.835051
        },
        {
            "Location": "CCTV_PS_Nigdi",
            "AssetLocation": "Ajanta Nagar Patrashed No 2",
            "Latitude": 18.663838,
            "Longitude": 73.794563
        },
        {
            "Location": "CCTV_PS_Nigdi",
            "AssetLocation": "Shitala Devi Mandir Akurdi",
            "Latitude": 18.650562,
            "Longitude": 73.783387
        },
        {
            "Location": "CCTV_PS_Nigdi",
            "AssetLocation": "Sarkari Hospital Akurdi",
            "Latitude": 18.649717,
            "Longitude": 73.781499
        },
        {
            "Location": "CCTV_PS_Nigdi",
            "AssetLocation": "Brahma Hotel Akurdi\/ Bajaj Auto direction 1 BRT Bus Stop",
            "Latitude": 18.653899,
            "Longitude": 73.78236
        },
        {
            "Location": "CCTV_PS_Nigdi",
            "AssetLocation": "Akurdi Vitthal Mandir Akurdi",
            "Latitude": 18.656909,
            "Longitude": 73.779352
        },
        {
            "Location": "CCTV_PS_Nigdi",
            "AssetLocation": "Vyapar Sankul Parking",
            "Latitude": 18.65778922,
            "Longitude": 73.77718948
        },
        {
            "Location": "CCTV_PS_Nigdi",
            "AssetLocation": "Panchatara Nagar 2",
            "Latitude": 18.645608,
            "Longitude": 73.780381
        },
        {
            "Location": "CCTV_PS_Nigdi",
            "AssetLocation": "Dattawadi Vitthalwadi Road akurdi",
            "Latitude": 18.653133,
            "Longitude": 73.778079
        },
        {
            "Location": "CCTV_PS_Nigdi",
            "AssetLocation": "Khadi Machine Chowk",
            "Latitude": 18.651302,
            "Longitude": 73.786334
        },
        {
            "Location": "CCTV_PS_Nigdi",
            "AssetLocation": "Gandhi Hospital Sector No 24",
            "Latitude": 18.659295,
            "Longitude": 73.77308
        },
        {
            "Location": "CCTV_PS_Nigdi",
            "AssetLocation": "Sambhaji Chowk",
            "Latitude": 18.64907,
            "Longitude": 73.77039
        },
        {
            "Location": "CCTV_PS_Nigdi",
            "AssetLocation": "Pvt Fund Office Road",
            "Latitude": 18.647876,
            "Longitude": 73.772805
        },
        {
            "Location": "CCTV_PS_Nigdi",
            "AssetLocation": "Pradhikaran Police Chowki",
            "Latitude": 18.662169,
            "Longitude": 73.774154
        },
        {
            "Location": "CCTV_PS_Nigdi",
            "AssetLocation": "Dnyanprabhodani Cosmos Bank",
            "Latitude": 18.6597,
            "Longitude": 73.7669
        },
        {
            "Location": "CCTV_PS_Nigdi",
            "AssetLocation": "Beena English School",
            "Latitude": 18.644819,
            "Longitude": 73.77704
        },
        {
            "Location": "CCTV_PS_Nigdi",
            "AssetLocation": "Panchatara Nagar 1",
            "Latitude": 18.648394,
            "Longitude": 73.781911
        },
        {
            "Location": "CCTV_PS_Nigdi",
            "AssetLocation": "Transport Nagar Main Road\/ In Front of Raigad Hotel",
            "Latitude": 18.663454,
            "Longitude": 73.768082
        },
        {
            "Location": "CCTV_PS_Nigdi",
            "AssetLocation": "Gad Sosa",
            "Latitude": 18.650073,
            "Longitude": 73.774082
        },
        {
            "Location": "CCTV_PS_Nigdi",
            "AssetLocation": "Swami Samarth Mandir",
            "Latitude": 18.657051,
            "Longitude": 73.764956
        },
        {
            "Location": "CCTV_PS_Nigdi",
            "AssetLocation": "Bijali Nagar Road Bridge",
            "Latitude": 18.646379,
            "Longitude": 73.77029
        },
        {
            "Location": "CCTV_PS_Nigdi",
            "AssetLocation": "Camp Education School",
            "Latitude": 18.653819,
            "Longitude": 73.77213
        },
        {
            "Location": "CCTV_PS_Nigdi",
            "AssetLocation": "Siddhivinayak Nagari",
            "Latitude": 18.666198,
            "Longitude": 73.763365
        },
        {
            "Location": "CCTV_PS_Nigdi",
            "AssetLocation": "Durga Devi Park",
            "Latitude": 18.666501,
            "Longitude": 73.761091
        },
        {
            "Location": "CCTV_PS_Nigdi",
            "AssetLocation": "Anganwadi Chowk",
            "Latitude": 18.67011,
            "Longitude": 73.79642
        },
        {
            "Location": "CCTV_PS_Nigdi",
            "AssetLocation": "Mathura Sweet",
            "Latitude": 18.665743,
            "Longitude": 73.795617
        },
        {
            "Location": "CCTV_PS_Nigdi",
            "AssetLocation": "Sane Chowki",
            "Latitude": 18.669366,
            "Longitude": 73.793624
        },
        {
            "Location": "CCTV_PS_Nigdi",
            "AssetLocation": "Yamunanagar Bhaji Mandai",
            "Latitude": 18.663448,
            "Longitude": 73.780528
        },
        {
            "Location": "CCTV_PS_Nigdi",
            "AssetLocation": "Modern School Yamunanagar",
            "Latitude": 18.662469,
            "Longitude": 73.783402
        },
        {
            "Location": "CCTV_PS_Nigdi",
            "AssetLocation": "LIC Chowk Yamunanagar",
            "Latitude": 18.661929,
            "Longitude": 73.780849
        },
        {
            "Location": "CCTV_PS_Nigdi",
            "AssetLocation": "Sadgurun Nagar Yamunanagar",
            "Latitude": 18.661067,
            "Longitude": 73.778961
        },
        {
            "Location": "CCTV_PS_Nigdi",
            "AssetLocation": "Smshan Bhumi Nigadi",
            "Latitude": 18.66746,
            "Longitude": 73.775235
        },
        {
            "Location": "CCTV_PS_Nigdi",
            "AssetLocation": "Ankush Chowk Spin Road",
            "Latitude": 18.666999,
            "Longitude": 73.77587
        },
        {
            "Location": "CCTV_PS_Nigdi",
            "AssetLocation": "Chikan Chowk Spin Road",
            "Latitude": 18.667647,
            "Longitude": 73.780188
        },
        {
            "Location": "CCTV_PS_Pimpri",
            "AssetLocation": "Pratibha College Mohan Nagar & Late Shankar Shetty Park (Main Gate)",
            "Latitude": 18.644509,
            "Longitude": 73.791676
        },
        {
            "Location": "CCTV_PS_Pimpri",
            "AssetLocation": "Shivaji Chowk Chinchwad Station JB1",
            "Latitude": 18.64036,
            "Longitude": 73.79401
        },
        {
            "Location": "CCTV_PS_Rawet",
            "AssetLocation": "Rawet Corner Chowk Spin Road",
            "Latitude": 18.661202,
            "Longitude": 73.764334
        },
        {
            "Location": "CCTV_PS_Wakad",
            "AssetLocation": "Near Rosewood Hotel Way To Tapkir Circle",
            "Latitude": 18.617341,
            "Longitude": 73.767149
        },
        {
            "Location": "CCTV_ZoneF_W_11",
            "AssetLocation": "Kiwale SPS",
            "Latitude": 18.647861,
            "Longitude": 73.726151
        },
        {
            "Location": "CCTV_ZoneF_W_11",
            "AssetLocation": "Kudalwadi Over Bridge\/ Spine Road (Wi-Fi)",
            "Latitude": 18.66262,
            "Longitude": 73.8134
        },
        {
            "Location": "CCTV_ZoneF_W_11",
            "AssetLocation": "KrushnaNagar Bhaji Mandai Chowk",
            "Latitude": 18.66887,
            "Longitude": 73.7969
        },
        {
            "Location": "CCTV_ZoneF_W_11",
            "AssetLocation": "Mhetre Uddyan Chowk Mhetrewasti",
            "Latitude": 18.66684,
            "Longitude": 73.795945
        },
        {
            "Location": "CCTV_ZoneF_W_11",
            "AssetLocation": "Tower Line",
            "Latitude": 18.673575,
            "Longitude": 73.797224
        },
        {
            "Location": "CCTV_ZoneF_W_11",
            "AssetLocation": "Ashtavinayak Chowk\/ Tulja Bhavani Chowk",
            "Latitude": 18.675574,
            "Longitude": 73.7976
        },
        {
            "Location": "CCTV_ZoneF_W_11",
            "AssetLocation": "Property Tax Office Chikhli",
            "Latitude": 18.667727,
            "Longitude": 73.796997
        },
        {
            "Location": "CCTV_ZoneF_W_11",
            "AssetLocation": "Chikhali STP Phase1 JB1",
            "Latitude": 18.664474,
            "Longitude": 73.803217
        },
        {
            "Location": "CCTV_ZoneF_W_11",
            "AssetLocation": "Chikhali STP Phase2",
            "Latitude": 18.664087,
            "Longitude": 73.803633
        },
        {
            "Location": "CCTV_ZoneH_W_20",
            "AssetLocation": "Mahatma phule Nagar Slum Location MIDC Bhosari",
            "Latitude": 18.622185,
            "Longitude": 73.824726
        },
        {
            "Location": "CCTV_ZoneH_W_30",
            "AssetLocation": "Ravet STP",
            "Latitude": 18.642245,
            "Longitude": 73.747866
        },
        {
            "Location": "CCTV_PS_Chinchwad",
            "AssetLocation": "Madhyamic Vidyalaya Kalbohr Nagar",
            "Latitude": 18.647584,
            "Longitude": 73.790116
        },
        {
            "Location": "CCTV_ZoneF_W_11",
            "AssetLocation": "Mhetre Wasti Hospital",
            "Latitude": 18.669366,
            "Longitude": 73.793624
        },
        {
            "Location": "CCTV_ZoneF_W_11",
            "AssetLocation": "Krushnanagar Panyachi Taki",
            "Latitude": 18.666693,
            "Longitude": 73.792695
        }
    ]
  }
  